{"errors":[],"warnings":[],"namedChunkGroups":{"app":{"chunks":[7,2],"assets":["webpack-runtime-5fef3e3eae2238c6266b.js","webpack-runtime-5fef3e3eae2238c6266b.js.map","app-9751601eb644c0faa3ea.js","app-9751601eb644c0faa3ea.js.map"],"children":{},"childAssets":{}},"component---src-pages-404-js":{"chunks":[0,1,3],"assets":["0-e8980317b53fbdde56f9.js","0-e8980317b53fbdde56f9.js.map","1.7392398c4a6462147933.css","1-5af63933dac54dafc512.js","1-5af63933dac54dafc512.js.map","component---src-pages-404-js-639bef750e318d9243e4.js","component---src-pages-404-js-639bef750e318d9243e4.js.map"],"children":{},"childAssets":{}},"component---src-pages-index-js":{"chunks":[0,1,4],"assets":["0-e8980317b53fbdde56f9.js","0-e8980317b53fbdde56f9.js.map","1.7392398c4a6462147933.css","1-5af63933dac54dafc512.js","1-5af63933dac54dafc512.js.map","component---src-pages-index-js.5e8c0093219c9070a7fb.css","component---src-pages-index-js-dcef02efecfda15e46ea.js","component---src-pages-index-js-dcef02efecfda15e46ea.js.map"],"children":{},"childAssets":{}},"component---src-pages-page-2-js":{"chunks":[0,1,5],"assets":["0-e8980317b53fbdde56f9.js","0-e8980317b53fbdde56f9.js.map","1.7392398c4a6462147933.css","1-5af63933dac54dafc512.js","1-5af63933dac54dafc512.js.map","component---src-pages-page-2-js-4e03564e999ef86119fa.js","component---src-pages-page-2-js-4e03564e999ef86119fa.js.map"],"children":{},"childAssets":{}},"pages-manifest":{"chunks":[6],"assets":["pages-manifest-0267e530c20421da5267.js","pages-manifest-0267e530c20421da5267.js.map"],"children":{},"childAssets":{}}},"assetsByChunkName":{"app":["webpack-runtime-5fef3e3eae2238c6266b.js","app-9751601eb644c0faa3ea.js"],"component---src-pages-404-js":["0-e8980317b53fbdde56f9.js","1.7392398c4a6462147933.css","1-5af63933dac54dafc512.js","component---src-pages-404-js-639bef750e318d9243e4.js"],"component---src-pages-index-js":["0-e8980317b53fbdde56f9.js","1.7392398c4a6462147933.css","1-5af63933dac54dafc512.js","component---src-pages-index-js.5e8c0093219c9070a7fb.css","component---src-pages-index-js-dcef02efecfda15e46ea.js"],"component---src-pages-page-2-js":["0-e8980317b53fbdde56f9.js","1.7392398c4a6462147933.css","1-5af63933dac54dafc512.js","component---src-pages-page-2-js-4e03564e999ef86119fa.js"],"pages-manifest":["pages-manifest-0267e530c20421da5267.js"]}}